{"cameraMode":{"drawMode":0,"name":"Shaded","section":"Shading Mode"},"sceneLighting":false,"audioPlay":false,"sceneViewState":{"m_AlwaysRefresh":false,"showFog":true,"showSkybox":false,"showFlares":true,"showImageEffects":true,"showParticleSystems":true,"showVisualEffectGraphs":true,"m_FxEnabled":true},"in2DMode":false,"pivot":{"x":0.4100000262260437,"y":-0.34999996423721316,"z":0.8600000143051148},"rotation":{"x":-0.045031920075416568,"y":0.8359380960464478,"z":-0.06938239932060242,"w":-0.5425558090209961},"size":0.7142377495765686,"orthographic":true}