{"cameraMode":{"drawMode":0,"name":"Shaded","section":"Shading Mode"},"sceneLighting":false,"audioPlay":false,"sceneViewState":{"m_AlwaysRefresh":false,"showFog":true,"showSkybox":false,"showFlares":true,"showImageEffects":true,"showParticleSystems":true,"showVisualEffectGraphs":true,"m_FxEnabled":true},"in2DMode":false,"pivot":{"x":0.7274373769760132,"y":-0.013320624828338623,"z":1.4600000381469727},"rotation":{"x":-0.20015811920166017,"y":0.7955776453018189,"z":-0.3555784821510315,"w":-0.4478367567062378},"size":0.8660253882408142,"orthographic":true}